A0A0;M-8140/0
A0A4;M-8550/0
A0A5;M-8550/0
A0A7;M-8251/0
A0B2;M-8149/0
A0C2;M-8121/1
A0C4;M-8440/0
A0C5;M-8202/0
A0C6;M-8504/0
A0C8;M-72031
A0D0;M-8260/0
A0D2;M-8330/0
A0D4;M-8260/0
A0D6;M-8260/0
A0E0;M-8190/0
A0E1;M-8336/0
A0E2;M-8140/0
A0F0;M-8211/0
A0F2;M-8263/0
A0F4;M-8263/0
A0F6;M-8261/0
A0G0;M-8330/0
A0G2;M-8333/0
A0G4;M-8334/0
A0H2;M-8330/1
A0H4;M-8147/0
A0H5;M-8170/0
A0H6;M-8300/0
A0H7;M-8160/0
A0H8;M-8270/0
A0K2;M-8310/0
A0K3;M-8252/0
A0K4;M-8322/0
A0K6;M-8280/0
A0K7;M-8140/0
A0K8;M-8982/0
A0K9;M-8140/0
A0L2;M-8290/0
A0L4;M-8323/0
A0L6;M-8321/0
A0L8;M-8410/0
A0L9;M-8325/0
A0M0;M-8140/0
A0M1;M-8140/0
A0M2;M-8204/0
A0M4;M-8480/0
A0M5;M-8470/0
A0M6;M-8372/0
A0M7;M-8140/0
A0M8;M-8271/0
A0M9;M-8272/0
A0N1;M-8272/0
A0N3;M-8272/0
A0N9;M-8140/0
A0P0;M-8140/0
A0P1;M-9010/0
A0P2;M-9012/0
A0P3;M-8050/0
A0P4;M-8503/0
A0P5;M-9030/0
A0P6;M-9020/0
A0P8;M-9013/0
A0R2;M-8324/0
A0R4;M-8561/0
A0R5;M-8561/0
A0R6;M-8932/0
A0R8;M-8940/0
A0S0;M-8221/0
A0S1;D4-01039
A0S2;M-8140/0
A0S3;M-8220/0
A0S4;M-8505/0
A0S6;M-8506/0
A0T0;M-76800
A0T1;M-76830
A0T2;M-72042
A0T3;M-75662
A0T4;D4-01034
A0T5;M-76820
A0T7;D5-45500
A0T8;D4-01035
A0T9;M-76808
A0Y0;M-8140/0
A0Y2;M-8213/0
A4A0;M-8140/1
A4A4;M-8550/1
A4C4;M-8440/1
A4F2;M-8263/1
A4K2;M-8005/0
A4K7;M-8140/1
A4P4;M-8504/1
A4P6;M-9020/1
A4V4;M-8430/1
A4X6;M-8200/0
A4X7;M-8200/0
A4X8;M-8200/0
A5A0;M-8140/2
A5B0;M-8522/2
A5B1;M-8520/2
A5B2;M-8500/2
A5B4;M-8501/2
A5B5;M-8503/2
A5B6;M-8201/2
A5B8;M-8507/2
A5C4;M-8504/2
A5C6;M-8504/2
A5C7;M-8452/1
A5R8;M-8941/3
A6A0;M-8140/3
A6B2;M-8503/3
A6C1;M-8140/3
A6D1;M-8140/3
A6G1;M-8335/3
A7A0;M-8140/3
A7A1;M-8140/3
A7A2;M-8140/3
A7A3;M-8140/3
A7A4;M-8550/3
A7A5;M-8550/3
A7A6;M-8145/3
A7A7;M-8251/3
A7A8;M-8250/3
A7A9;M-8380/3
A7B0;M-8522/3
A7B1;M-8520/3
A7B2;M-8500/3
A7B3;M-8500/3
A7B4;M-8501/3
A7B5;M-8503/3
A7B6;M-8201/3
A7B7;M-8541/3
A7B8;M-8520/3
A7C4;M-8440/3
A7C6;M-8450/3
A7C7;M-8452/1
A7D0;M-8260/3
A7D1;M-8343/3
A7D2;M-8340/3
A7D3;M-8340/3
A7D4;M-8260/3
A7D6;M-8260/3
A7D7;M-8342/3
A7D8;M-8341/3
A7D9;M-8350/3
A7E0;M-8190/3
A7E0;M-8332/3
A7E2;M-8332/3
A7F0;M-8211/3
A7F2;M-8263/3
A7G0;M-8330/3
A7G1;M-8335/3
A7G2;M-8330/3
A7G3;M-8290/3
A7G4;M-8310/3
A7G6;M-8331/3
A7G8;M-8332/3
A7G9;M-8337/3
A7H4;M-8147/3
A7H5;M-8170/3
A7H6;M-8300/3
A7H7;M-8160/3
A7H8;M-8270/3
A7K2;M-8310/3
A7K3;M-8383/3
A7K4;M-8322/3
A7K6;M-8280/3
A7K7;M-8140/3
A7K8;M-8982/3
A7L1;M-8314/3
A7L2;M-8290/3
A7L4;M-8323/3
A7L6;M-8140/3
A7M0;M-8140/3
A7M3;M-8144/3
A7M4;M-8481/3
A7M5;M-8470/3
A7N2;M-8230/3
A7N4;M-8480/3
A7N6;M-8142/3
A7N7;M-8502/3
A7P0;M-8140/3
A7P6;M-9020/3
A7R4;M-8082/3
A7R8;M-8941/3
A7R9;M-8940/3
A7S0;M-8500/3
A7S2;M-8140/3
A7V0;M-8255/3
A7V2;M-8560/3
A7V4;M-8430/3
A7V5;M-8562/3
A7V6;M-8180/3
A7V7;M-8525/3
A7V8;M-8022/3
A7W0;M-8575/3
A7W2;M-8570/3
A7W3;M-8950/3
A7W4;M-8140/3
A7W6;M-8572/3
A7X0;M-8140/3
A7X1;M-8141/3
A7X2;M-8512/3
A7X3;M-8140/3
A7X4;M-8571/3
A7X5;M-8171/3
A7X6;M-8200/3
A7X7;M-8200/3
A7X8;M-8200/3
A7Y0;M-8140/3
A7Y1;M-8319/3
A7Y4;M-8215/3
A7Y5;M-8480/3
A7Y7;M-8314/3
A7Y8;M-8035/3
B0A0;M-8090/1
B4A0;D4-01046
B4E0;M-8093/3
B7A0;M-8090/3
B7A2;M-8090/3
B7A4;M-8098/3
B7A6;M-8090/3
B7A7;M-8090/3
B7A8;M-8090/3
B7B2;M-8090/3
B7B4;M-8090/3
B7B6;M-8091/3
B7B8;M-8090/3
B7D2;M-8090/3
B7D4;M-8092/3
B7D6;M-8095/3
B7D8;M-8094/3
B0F0;M-8000/0
B0G0;M-9501/0
B7F0;M-8000/3
B7F2;M-9522/3
B7F4;M-9521/3
B7F6;M-8970/3
B7G8;M-9392/3
B7K0;M-8960/3
B7K1;M-8960/3
B7K2;M-8960/3
B7K3;M-8959/1
B7K4;M-8960/3
B7K5;M-8960/3
B7K6;M-8960/3
B7K7;M-8960/3
B7K8;M-8960/3
B7K9;M-8960/3
B7L0;M-8960/3
B7L2;M-8960/3
B7L5;M-8960/3
B7N0;M-8910/3
C0A0;M-9220/0
C0A2;M-9221/0
C0A4;M-9220/0
C0C0;M-9230/0
C0E0;M-9241/0
C0G0;M-9210/0
C4A0;M-9220/1
C4D0;M-9220/1
C4G0;M-9210/1
C7A0;M-9220/3
C7A2;M-9221/3
C7A4;M-9220/3
C7A5;M-9243/3
C7A6;M-9242/3
C7A7;M-9240/3
C7A8;M-9231/3
C7C0;M-9230/3
C7D0;M-9220/3
C7G0;M-9220/3
D0A0;M-9310/0
D0A2;M-9310/0
D0A4;M-9310/0
D0A6;M-9310/0
D0A7;M-9310/0
D0A8;M-9310/0
D0C0;M-9270/0
D0C2;M-9300/0
D0C3;M-9340/0
D0C4;M-9301/0
D0C5;M-9312/0
D0C6;M-9330/0
D0C8;M-9290/0
D0D1;M-9271/0
D0D2;M-9311/0
D0D4;M-9282/0
D0D6;M-9281/0
D0D8;M-9321/0
D0D9;M-9320/0
D0F0;M-9272/0
D0F2;M-9273/0
D0F4;M-9274/0
D0F6;M-9272/0
D0F8;M-9275/0
D0G0;M-8003/0
D0G2;M-44110
D0G4;D5-14800
D0H0;M-9262/0
D0H1;M-9262/0
D0H2;M-74810
D7A0;M-9310/3
D7C0;M-9270/3
D7C6;M-9330/3
D7C8;M-9290/3
D7L0;M-9270/3
D7M0;M-8010/3
D0N2;M-9350/1
D0N4;M-8959/0
D0R0;M-26000
D0R2;M-26000
D0R3;M-26000
D0S0;M-75500
D0S1;M-75500
D0S2;M-75500
D0S3;M-75610
D0S4;M-75500
D0S5;M-8960/1
D0S6;M-8960/1
D0S7;M-75640
D0S8;M-75500
D0V0;M-9080/0
D4N0;M-9080/1
D4N2;M-9261/3
D4N4;M-9370/3
D4N8;M-9363/0
D7N0;M-9084/3
D7S5;M-8960/3
D7V0;M-9084/3
E0A0;M-72162
E0A2;M-72162
E0A4;M-72160
E0B0;D0-22320
E0C0;D4-40250
E0D0;M-8050/0
E0D1;M-8050/0
E0D2;M-8050/0
E0D3;M-8053/0
E0D5;M-8050/0
E0D7;M-8050/0
E0D8;M-72151
E0D9;M-8060/0
E0F0;DE-31A10
E0G0;M-75530
E0G1;M-75620
E0G2;M-75530
E0G4;M-75530
E0G6;M-75530
E0G8;M-75530
E0H0;M-8050/0
E0H2;M-8052/0
E0H4;M-8053/0
E0H9;M-72754
E0J0;M-76770
E0K0;M-72920
E0L0;M-72750
E0L2;M-72750
E0L4;M-72750
E0L6;M-72750
E0L7;M-72750
E0L8;M-72750
E0L9;M-72750
E0M0;M-76600
E0M2;DE-32A12
E0M4;DE-32A11
E4N0;M-72600
E4N1;D7-57110
E4N2;D5-22050
E4N3;D4-40270
E4N4;M-72090
E4P1;M-72850
E4P2;M-72850
E4P3;M-72850
E4P5;M-72850
E4P6;M-72850
E4R1;M-72600
E4R3;M-72600
E4R5;DE-32A35
E4R6;DE-32A30
E4R7;D0-75200
E4R8;D6-44510
E5S0;M-8077/2
E5S1;M-74001
E5S2;M-74002
E5S3;M-8077/2
E5T0;M-8070/2
E5T1;M-8072/2
E5T2;M-8071/2
E5T5;M-8073/2
E5T6;M-8096/0
E5T7;M-8081/2
E5T7;M-8080/2
E5T8;M-8081/2
E5T9;M-8070/2
E6T0;M-8076/3
E6T7;M-8076/3
E6T9;M-8076/3
E7A0;M-8070/3
E7T0;M-8070/3
E7T1;M-8072/3
E7T2;M-8071/3
E7T3;M-8070/3
E7T4;M-8072/3
E7T5;M-8070/3
E7T6;M-8070/3
E7T7;M-8070/3
E7T9;M-8070/3
E7V1;M-8075/3
E7V2;M-8084/3
E7V4;M-8074/3
E7V6;M-8031/3
E7V8;M-8124/3
E7V9;M-8124/3
E7W2;M-8082/3
E7W3;M-8082/3
E7W4;M-8051/3
E7W6;M-8070/3
E7X1;M-8070/3
F0A0;M-8810/0
F0A1;M-8815/0
F0A3;M-8823/0
F0B1;D1-50450
F0B2;M-8820/0
F0B4;M-78820
F0B6;D4-40320
F0B8;D4-01015
F0C1;M-8851/0
F0C2;M-9160/0
F0C4;M-8391/0
F0C6;M-78820
F0C8;M-8810/0
F0C9;M-8834/1
F0D1;M-8811/0
F0D2;M-8825/0
F0D3;M-8826/0
F0D4;M-03130
F0D5;M-8841/1
F0E0;M-78800
F0E1;D1-50460
F0E2;D1-50460
F0E3;M-78800
F0E5;M-78800
F0E6;M-8824/1
F0E7;M-8824/1
F0E9;D1-50432
F0F1;M-8822/1
F0F2;M-8821/1
F0F3;M-8822/1
F0F4;M-8822/1
F0F6;M-8821/1
F0G1;M-78830
F0G2;M-78800
F0G3;M-78800
F0G5;M-11640
F0G7;M-78800
F0H2;D1-61627
F0H4;M-78830
F0H6;D4-40322
F0H8;D1-50470
F0M0;M-8830/0
F0M1;M-8830/0
F0M2;M-8830/0
F0M3;M-8830/0
F0M8;M-8830/0
F0N0;M-8830/0
F0N8;M-8830/1
F0P0;M-8831/0
F0P2;M-8831/0
F0P4;M-8831/0
F0P6;M-8831/0
F0P8;M-8831/0
F0P9;M-8831/0
F0R0;M-55300
F0R2;M-55300
F0R4;M-55300
F0R6;M-55360
F0R9;D0-20230
F4A3;M-8835/1
F4A5;M-8825/1
F4D5;M-8841/1
F4K0;M-8832/3
F4K3;M-8832/3
F4K5;M-8833/3
F4K7;M-8834/1
F4M8;M-8836/1
F7A0;M-8810/3
F7A1;M-8815/3
F7A2;M-8814/3
F7A4;M-8810/3
F7A6;M-8810/3
F7D0;M-8811/3
F7D1;M-8811/3
F7D6;M-8810/3
F7M0;M-8830/3
F7M2;M-8830/3
F7M3;M-8830/3
F7M5;M-8830/3
F7M7;M-8830/3
F7M8;M-8830/3
F7N0;M-8830/3
F7R0;M-8830/3
G0A0;M-8590/0
G0A2;M-8460/0
G0A4;M-8461/0
G0A6;M-9014/0
G0B2;M-8470/0
G0B4;M-9015/0
G0C2;M-8380/0
G0C4;M-8381/0
G0D2;M-8313/0
G0E4;M-9000/0
G0E6;M-8440/0
G0G0;M-9080/0
G0G1;M-9084/0
G0G3;M-26660
G0G4;M-9090/0
G0N0;M-8600/0
G0R0;M-8630/0
G0R1;M-8640/1
G0R3;M-8641/0
G0R4;M-8631/0
G0R5;M-8660/0
G0R5;M-8650/0
G0R6;M-8631/1
G0R7;M-8631/3
G0R8;M-8634/1
G0R9;M-8633/1
G0S0;M-8610/0
G0U0;M-8640/1
G0U1;M-8610/0
G0W0;M-9073/1
G0W1;M-9073/1
G0W9;M-9073/1
G4A0;M-8590/1
G4A2;M-8442/1
G4A4;M-8463/1
G4A6;M-9014/1
G4B2;M-8472/1
G4B4;M-9015/1
G4C2;M-8380/1
G4C4;M-8381/1
G4D2;M-8444/1
G4E4;M-9000/1
G4E6;M-8440/1
G4P0;M-8620/1
G4P2;M-8622/1
G4P4;M-8621/1
G7A0;M-9590/3
G7A2;M-8460/3
G7A4;M-8461/3
G7A6;M-9014/3
G7B2;M-8470/3
G7B4;M-9015/3
G7C2;M-8380/3
G7C3;M-8570/3
G7C4;M-8381/3
G7D2;M-8443/3
G7E4;M-9000/3
G7E6;M-8440/3
G7F2;M-9801/3
G7G0;M-9084/3
G7G6;M-9084/3
G7G7;M-9090/3
G7G8;M-9091/1
G7H0;M-9080/3
G7H1;M-9080/3
G7H2;M-9083/3
G7H3;M-9081/3
G7H5;M-9070/3
G7H6;M-9071/3
G7H8;M-9072/3
G7K0;M-9060/3
G7K2;M-9062/3
G7K4;M-9063/3
G7L0;M-9064/3
G7M0;M-9085/3
G7M1;M-9085/3
G7M2;M-9085/3
G7M3;M-9085/3
G7M4;M-9085/3
G7M5;M-9085/3
G7M6;M-9085/3
G7P0;M-8620/3
G7R0;M-8630/3
G7R5;M-8650/3
G7R7;M-8631/3
G7T0;M-8623/1
G7U0;M-8640/3
G7V0;M-8632/1
G7W0;M-9073/1
G7W9;M-9073/1
H0P0;M-77800
H0P2;DC-418A0
H0P6;M-77800
H0R0;M-9751/1
H0R1;M-9752/1
H0R2;M-9752/1
H0R4;M-9754/3
H0R6;M-9753/1
H0S0;M-77800
H0S2;M-77800
H0S3;D6-64900
H0S3;M-8831/0
H0S4;M-77800
H0V0;M-72550
H0V1;M-72550
H0V2;D0-20150
H0V4;M-9740/1
H0V6;M-72550
H0V8;M-72550
H0V9;M-72550
H4R0;M-9751/1
H4U7;M-9970/1
H7A0;M-9801/3
H7A1;M-9835/3
H7A2;M-9836/3
H7A3;M-9836/3
H7A4;M-9837/3
H7A5;M-9835/3
H7A9;M-9835/3
H7B1;M-9835/3
H7B2;M-9801/3
H7B3;M-9826/3
H7C0;M-9861/3
H7C1;M-9872/3
H7C2;M-9874/3
H7C3;M-9866/3
H7C4;M-9867/3
H7C5;M-9891/3
H7C6;M-9891/3
H7C7;M-9891/3
H7C8;M-9840/3
H7D1;M-9930/3
H7D2;M-9910/3
H7D3;M-9910/3
H7D4;M-9870/3
H7D5;M-9931/3
H7D6;M-9801/3
H7D7;M-9805/3
H7D8;M-9801/3
H7D9;M-9801/3
H7E0;M-9801/3
H7E2;M-9801/3
H7E4;M-9801/3
H7F0;M-9920/3
H7F2;M-9801/3
H7F4;M-9801/3
H7G0;M-9801/3
H7G2;M-9801/3
H7G4;M-9801/3
H7H0;M-9989/3
H7H1;M-9980/3
H7H2;M-9982/3
H7H3;M-9980/3
H7H4;M-9985/3
H7H5;M-9983/3
H7H6;M-9986/3
H7H9;M-9989/3
H7J0;M-9861/3
H7J1;M-9896/3
H7J2;M-9871/3
H7J3;M-9866/3
H7J4;M-9897/3
H7K0;M-9895/3
H7K1;M-9895/3
H7K2;M-9895/3
H7K5;M-9987/3
H7K6;M-9920/3
H7K7;M-9920/3
H7K8;M-9920/3
H7L0;M-9960/3
H7L1;M-9860/3
H7L2;M-9945/3
H7L3;M-9876/3
H7L4;M-9860/3
H7L5;M-9875/3
H7L6;M-9946/3
H7L7;M-9963/3
H7L8;M-9964/3
H7L9;M-9960/3
H7M0;M-9960/3
H7M1;M-9961/3
H7M2;M-9961/3
H7M3;M-9961/3
H7M4;M-9961/3
H7N2;M-9950/3
H7N4;M-9962/3
H7N6;M-9960/3
H7N8;M-9960/3
H7N9;M-9960/3
H7R0;M-9754/3
H7T0;M-9750/3
H7T1;M-9755/3
H7T2;M-9750/3
H7T4;M-9757/3
H7T5;M-9756/3
H7T6;M-9758/3
H7T7;M-9758/3
H7T9;M-9750/3
H7V0;M-9741/3
H7V1;M-9741/3
H7V2;M-9741/3
H7V3;M-9741/3
H7V4;M-9740/3
H7V5;M-9742/3
H7W0;M-9732/3
H7W1;M-9731/3
H7W2;M-9732/3
H7W3;M-9732/3
H7W4;M-9732/3
H7W5;M-9732/3
H7W6;M-9732/3
H7W7;M-9732/3
H7W8;M-9732/3
H7W9;M-9732/3
H7X1;M-9732/3
H7X2;M-9732/3
H7X9;M-9732/3
H7Z0;M-9733/3
J7A0;M-9670/3
J7A1;M-9591/3
J7B0;M-9670/3
J7B1;M-9671/3
J7B2;M-9833/3
J7B3;M-9762/3
J7B4;M-9940/3
J7C0;M-9671/3
J7C1;M-9699/3
J7C2;M-9671/3
J7C3;M-9699/3
J7C4;M-9761/3
J7C5;M-9699/3
J7C6;M-9762/3
J7C7;M-9671/3
J7C8;M-9671/3
J7D0;M-9734/3
J7D1;M-9731/3
J7D2;M-9732/3
J7D3;M-9732/3
J7D4;M-9732/3
J7D5;M-9732/3
J7D6;M-9733/3
J7D7;M-9732/3
J7D8;M-9731/3
J7D9;M-9731/3
J7E0;M-9673/3
J7E1;M-9673/3
J7E2;M-9699/3
J7E4;M-9673/3
J7E6;M-9673/3
J7E8;M-9673/3
J7F0;M-9675/3
J7F2;M-9675/3
J7F4;M-9690/3
J7F5;M-9690/3
J7F6;M-9690/3
J7F7;M-9690/3
J7G0;M-9680/3
J7G1;M-9680/3
J7G2;M-9680/3
J7G4;M-9680/3
J7G6;M-9680/3
J7H0;M-9680/3
J7H1;M-9698/3
J7H2;M-9680/3
J7H3;M-9680/3
J7H4;M-9680/3
J7H6;M-9680/3
J7H7;M-9680/3
J7H8;M-9680/3
J7J0;M-9684/3
J7J1;M-9684/3
J7J2;M-9680/3
J7J3;M-9684/3
J7J4;M-9680/3
J7J5;M-9680/3
J7J6;M-9714/3
J7J7;M-9678/3
J7J8;M-9766/1
J7J9;M-9679/3
J7K0;M-9728/3
J7K1;M-9728/3
J7K2;M-9728/3
J7K3;M-9727/3
J7K4;M-9687/3
J7K5;M-9687/3
J7K6;M-9687/3
J7K7;M-9687/3
J7L0;M-9591/3
J7L1;M-9699/3
J7L2;M-9680/3
J7L3;M-9680/3
J7L5;M-9823/3
J7L7;M-9673/3
J7L9;M-9673/3
J7M0;M-9699/3
J7M1;M-9762/3
J7M2;M-9699/3
J7M3;M-9591/3
J7M4;M-9689/3
J7M5;M-9680/3
J7M7;M-9680/3
J7N0;M-9702/3
J7N1;M-9834/3
J7N2;M-9834/3
J7N3;M-9831/1
J7N5;M-9834/3
J7N6;M-9948/3
J7N7;M-9700/3
J7N8;M-9700/3
J7N9;M-9701/3
J7P0;M-9702/3
J7P1;M-9702/3
J7P3;M-9705/3
J7P5;M-9702/3
J7P7;M-9702/3
J7P8;M-9827/3
J7P9;M-9827/3
J7R0;M-9729/3
J7R1;M-9729/3
J7R3;M-9702/3
J7R5;M-9702/3
J7R7;M-9729/3
J7S1;M-9714/3
J7S3;M-9729/3
J7S5;M-9727/3
J7T0;M-9702/3
J7T1;M-9719/3
J7T2;M-9719/3
J7T3;M-9718/3
J7T4;M-9708/3
J7T5;M-9827/3
J7T6;M-9717/3
J7T7;M-9702/3
J7T8;M-9716/3
J7T9;M-9702/3
J7V0;M-9714/3
J7V1;M-9714/3
J7V2;M-9714/3
J7V3;M-9714/3
J7V4;M-9718/3
J7V5;M-9718/3
J7V6;M-9718/3
J7W9;M-9702/3
J7Z0;M-9590/3
J7Z1;M-9590/3
J7Z2;M-9590/3
J7Z3;M-9591/3
J7Z4;M-9670/3
J7Z5;M-9680/3
J7Z6;M-9702/3
J7Z7;M-9702/3
J7Z8;M-9702/3
K7A0;M-9650/3
K7B0;M-9651/3
K7B2;M-9659/3
K7C0;M-9663/3
K7C1;M-9664/3
K7C2;M-9665/3
K7C3;M-9665/3
K7C4;M-9665/3
K7C5;M-9665/3
K7C6;M-9663/3
K7C7;M-9665/3
K7C8;M-9667/3
K7D0;M-9652/3
K7D1;M-9651/3
K7E0;M-9653/3
K7E2;M-9654/3
K7E4;M-9662/3
K7F0;M-9650/3
K7F1;M-9650/3
K7F2;M-9650/3
K7F4;M-9650/3
K7F6;M-9650/3
K7F8;M-9650/3
K7F9;M-9650/3
K7G0;M-9591/3
K7G2;M-9690/3
K7G4;M-9690/3
K7G6;M-9590/3
K7G7;M-9591/3
K7G8;M-9702/3
K7H0;M-9591/3
K7J0;M-9670/3
K7J1;M-9670/3
K7J2;M-9827/3
K7J4;M-9833/3
K7J5;M-9834/3
K7J7;M-9940/3
K7K2;M-9700/3
K7K3;M-9700/3
K7K4;M-9701/3
K7K5;M-9700/3
K7K6;M-9700/3
K7K7;M-9700/3
K7K8;M-9702/3
K7L0;M-9671/3
K7L1;M-9671/3
K7L2;M-9761/3
K7L3;M-9671/3
K7L5;M-9762/3
K7L6;M-9762/3
K7L7;M-9762/3
K7M0;M-9734/3
K7N0;M-9690/3
K7N1;M-9673/3
K7N2;M-9673/3
K7N3;M-9673/3
K7N5;M-9675/3
K7N6;M-9691/3
K7N7;M-9691/3
K7N8;M-9675/3
K7P0;M-9727/3
K7P2;M-9727/3
K7P4;M-9591/3
K7R1;M-9680/3
K7R2;M-9698/3
K7R3;M-9698/3
K7R4;M-9680/3
K7R5;M-9680/3
K7R6;M-9690/3
K7R7;M-9690/3
K7R8;M-9680/3
K7S0;M-9727/3
K7S1;M-9728/3
K7S2;M-9687/3
K7S3;M-9728/3
K7S4;M-9727/3
K7S5;M-9729/3
K7T0;M-9684/3
K7T1;M-9684/3
K7T2;M-9684/3
K7T4;M-9591/3
K7V0;M-9590/3
K7V1;M-9702/3
K7V2;M-9831/1
K7V3;M-9827/3
K7V4;M-9702/3
K7V5;M-9702/3
K7V6;M-9590/3
K7V7;M-9820/3
K7W0;M-9591/3
K7W1;M-9670/3
K7W2;M-9761/3
K7W3;M-9695/3
K7W4;M-9691/3
K7X0;M-9591/3
K7X1;M-9698/3
K7X2;M-9591/3
K7X3;M-9675/3
K7X4;M-9675/3
K7X6;M-9680/3
K7X7;M-9680/3
K7Y0;M-9680/3
K7Y1;M-9684/3
K7Y2;M-9684/3
K7Y3;M-9680/3
K7Y4;M-9680/3
K7Y5;M-9680/3
K7Y6;M-9727/3
K7Y7;M-9727/3
K7Y8;M-9687/3
K7Z0;M-9591/3
K7Z9;M-9590/3
L0A0;M-8890/0
L0A2;M-8892/0
L0A3;M-8890/0
L0A4;M-8893/0
L0A6;M-8891/0
L0A8;M-8894/0
L0A9;M-8890/1
L0B0;M-8890/0
L0B1;M-8890/0
L0B2;M-8890/0
L0B3;M-8890/0
L0C0;M-75500
L0L0;M-8850/0
L0L1;M-8850/0
L0L2;M-8850/0
L0L4;M-8857/0
L0L6;M-8881/0
L0L8;M-8856/0
L0M2;M-8854/0
L0M4;M-8880/0
L0M6;M-75580
L0N0;M-74100
L0N2;M-74100
L0N4;M-74100
L0N6;M-74100
L0P0;M-8850/1
L0P1;M-8861/0
L0P2;M-8860/0
L0P4;M-8851/0
L0P6;M-75500
L0P8;M-8870/0
L0R8;M-8852/0
L4A0;M-8897/1
L4A2;M-8892/1
L7A0;M-8890/3
L7A5;M-8896/3
L7A6;M-8891/3
L7A7;M-8898/1
L7A9;M-8890/1
L7L0;M-8850/3
L7R2;M-8851/3
L7R4;M-8851/3
L7R6;M-8851/3
L7R7;M-8857/3
L7R8;M-8852/3
L7S2;M-8853/3
L7S4;M-8854/3
L7S6;M-8858/3
L7S8;M-8855/3
M0A0;M-8720/0
M0A1;M-8761/0
M0A2;M-8750/0
M0A3;M-8772/0
M0A4;M-8760/0
M0A5;M-8770/0
M0A6;M-8740/0
M0A7;M-8770/0
M0A8;M-8770/0
M0A9;M-8728/0
M0C0;M-8780/0
M0C2;M-8780/0
M0C4;M-8790/0
M0C6;M-8780/0
M0C8;M-8790/0
M0D2;M-8722/0
M0D4;M-8770/0
M0D8;M-8730/0
M0E2;D4-40376
M0E4;M-8761/1
M0E6;M-8720/0
M0E8;M-8720/0
M0F2;M-8723/0
M0F4;M-8725/0
M0F8;M-9160/0
M0M0;M-8990/0
M0P0;M-9050/0
M0P2;M-9051/0
M0P4;M-9052/0
M0P5;M-9050/0
M0P6;M-9053/0
M0P7;M-9055/0
M0P8;M-9054/0
M4A0;M-8720/1
M4K0;M-8727/0
M4K1;M-8727/0
M4K2;M-8727/0
M4K3;M-8727/0
M4M0;M-8990/1
M4P0;M-9050/1
M5A0;M-8720/2
M5B5;M-8743/2
M5G2;M-8742/2
M5G4;M-8720/2
M5G6;M-8720/2
M5G7;M-8720/2
M5K0;M-8720/2
M5K1;M-8270/2
M5K2;M-8270/2
M5K3;M-8720/2
M7A0;M-8720/3
M7A7;M-8770/3
M7B1;M-8744/3
M7B3;M-8721/3
M7B4;M-8740/3
M7B5;M-8743/3
M7B7;M-8740/3
M7B8;M-8740/3
M7B9;M-8720/3
M7C0;M-8780/3
M7D2;M-8722/3
M7D4;M-8745/3
M7E4;M-8761/3
M7G2;M-8742/3
M7G4;M-8720/3
M7K0;M-8740/3
M7K1;M-8740/3
M7K2;M-8740/3
M7K3;M-8740/3
M7L0;M-8723/3
M7L1;M-8720/3
M7M0;M-8990/3
M7P0;M-9050/3
M7P2;M-9051/3
M7P4;M-9052/3
M7P5;M-9050/3
M7P6;M-9053/3
M7X0;M-8720/3
M7X1;M-8720/3
N0A0;M-9560/0
N0A2;M-9560/0
N0A4;M-9560/0
N0A6;M-9560/0
N0A8;M-9580/0
N0B0;M-9560/1
N0C0;M-9540/0
N0C1;M-9550/0
N0C2;M-9540/0
N0C4;M-9541/0
N0C6;M-9540/0
N0C8;M-9540/0
N0C9;M-9560/0
N0D0;M-9540/1
N0D2;M-9540/1
N0D4;M-9540/1
N0D9;M-9560/1
N0E0;M-9570/0
N0F0;M-9570/0
N0G0;M-9571/0
N0G2;M-9571/0
N0G4;M-9571/0
N0G5;M-9562/0
N0H0;M-75570
N0J0;M-9530/0
N0J2;M-9534/0
N0J4;M-9532/0
N0K2;M-9531/0
N0K3;M-9530/0
N0K4;M-9537/0
N0K8;M-9533/0
N0K9;M-9538/1
N0L0;M-9490/0
N0L0;M-9492/0
N0L2;M-9493/0
N0N0;M-9412/1
N0N2;M-9413/0
N0S8;M-9421/1
N0T2;M-9384/1
N0W2;M-9394/1
N0W6;M-9383/1
N0Z0;M-9390/0
N4A0;M-9560/0
N4J0;M-9539/1
N4J9;M-9530/1
N4L0;M-9506/1
N7A0;M-9540/3
N7A3;M-9540/3
N7A5;M-9540/3
N7A6;M-9540/3
N7A8;M-9580/3
N7B0;M-9540/3
N7C0;M-9540/3
N7C9;M-9540/3
N7H0;M-9561/3
N7H5;M-9044/3
N7J0;M-9530/3
N7K6;M-9538/3
N7M0;M-9500/3
N7M1;M-9490/3
N7M2;M-9364/3
N7M3;M-8806/3
N7M4;M-9365/3
N7M5;M-8921/3
N7M6;M-9503/3
N7N0;M-9505/1
N7N1;M-9505/3
N7P0;M-9470/3
N7P2;M-9471/3
N7P4;M-9472/3
N7P6;M-9470/3
N7Q0;M-9501/3
N7R0;M-9380/3
N7R4;M-9382/3
N7R9;M-9381/3
N7S0;M-9400/3
N7S2;M-9420/3
N7S4;M-9411/3
N7S6;M-9410/3
N7S7;M-9400/3
N7S9;M-9424/3
N7T4;M-9430/3
N7T6;M-9401/3
N7V0;M-9450/3
N7V2;M-9382/3
N7V3;M-9382/3
N7V4;M-9451/3
N7W0;M-9391/3
N7W1;M-9391/3
N7W3;M-9391/3
N7W4;M-9393/3
N7W5;M-9391/3
N7W8;M-9392/3
N7W9;M-9391/3
N7X0;M-9440/3
N7X2;M-9441/3
N7X4;M-9442/3
N7Y0;M-9423/3
N7Z0;M-9390/3
P0A0;M-8680/0
P0C0;M-8700/0
P0C2;M-8700/0
P0E0;M-8103/0
P0E4;M-8140/0
P0E5;M-74450
P0E6;M-75500
P0E7;M-8103/0
P0E8;D4-40380
P0G2;M-8110/0
P0G4;M-72616
P0G6;M-8102/0
P0G7;M-8102/0
P0H2;M-8110/0
P0H4;M-8101/0
P0H6;M-8101/0
P0H8;M-8103/0
P4A0;M-8680/1
P7A0;M-8680/3
P7C0;M-8700/3
P7C2;M-8700/3
P7E0;M-8102/3
P7G2;M-8110/3
P7P0;M-9360/1
P7P2;M-9361/1
P7P4;M-9362/3
P7P6;M-9362/3
Q0A0;M-9180/0
Q0G0;M-9200/0
Q0H0;M-9191/0
Q0M0;M-9262/0
Q4G0;M-9200/1
Q7A0;M-9180/3
Q7A2;M-9180/3
Q7A4;M-9180/3
Q7A5;M-9180/3
Q7A6;M-9181/3
Q7A7;M-9182/3
Q7A9;M-9180/3
Q7C2;M-9183/3
Q7C4;M-9187/3
Q7C6;M-9192/3
Q7C8;M-9193/3
Q7C9;M-9180/3
Q7E2;M-9184/3
Q7E4;M-9180/3
Q7E8;M-9180/3
R0A0;M-8121/0
R0A4;M-8121/1
R0A6;M-8121/1
R0C0;M-8900/0
R0C1;M-8903/0
R0C3;M-8904/0
R0C5;M-8905/0
R7A0;M-8121/3
R7C0;M-8900/3
R7C2;M-8920/3
R7C3;M-8910/3
R7C4;M-8910/3
R7C5;M-8912/3
R7C6;M-8901/3
R7C8;M-8902/3
S0A0;M-8410/0
S0A1;M-8410/0
S0A2;M-8410/0
S0A4;M-72860
S0A5;M-72870
S0A6;D4-01012
S0A8;D0-51156
S0A9;D4-40150
S0B0;M-8420/0
S0E0;M-8400/0
S0E1;M-8401/0
S0E3;M-8401/0
S0E5;M-8402/0
S0E6;M-8402/0
S0E7;M-8402/0
S0E8;M-8405/0
S0E9;M-8402/0
S0F1;M-8404/0
S0F2;M-75500
S0F3;M-75500
S0F5;M-76800
S0F6;M-8409/0
S0F7;M-8409/0
S0F8;M-8403/0
S0H1;M-8406/0
S0H2;M-8407/0
S0H4;M-8392/0
S0P0;M-9040/0
S0P2;M-9252/0
S0P4;D1-32027
S0S0;M-8248/1
S0S2;M-8150/0
S0S4;M-A5100
S0S6;M-8240/1
S0S7;M-8153/1
S0S8;M-8152/1
S0T2;M-8151/0
S0T4;M-8248/1
S0T6;M-8156/1
S0T7;M-8155/1
S0T9;M-8248/1
S0V0;M-8360/1
S0V2;M-8360/1
S0V9;M-8360/1
S0X0;M-8247/0
S4S0;M-8248/1
S4S2;M-8150/1
S4S6;M-8249/3
S4S7;M-8153/1
S4S8;M-8152/1
S4T2;M-8151/1
S4T4;M-8248/1
S4T6;M-8156/1
S4T7;M-8155/1
S4T9;M-8248/1
S4X0;M-8247/1
S4Y0;M-8240/3
S4Y1;M-8243/3
S4Y2;M-8240/3
S4Y3;M-8140/3
S7A0;M-8410/3
S7B0;M-8420/3
S7E0;M-8400/3
S7E3;M-8401/3
S7E4;M-8409/3
S7E6;M-8402/3
S7F6;M-8409/3
S7F7;M-8409/3
S7H1;M-8407/3
S7P0;M-9252/3
S7R0;M-9040/3
S7R2;M-9041/3
S7R4;M-9042/3
S7R6;M-9043/3
S7R8;M-9040/3
S7S0;M-8246/3
S7S2;M-8150/3
S7S4;M-8345/3
S7S5;M-8345/3
S7S6;M-8240/3
S7S7;M-8153/3
S7S8;M-8152/3
S7T2;M-8151/3
S7T4;M-8246/3
S7T6;M-8156/3
S7T7;M-8155/3
S7T9;M-8246/3
S7V0;M-8246/3
S7V2;M-8246/3
S7V9;M-8246/3
S7W0;M-8244/3
S7W2;M-8243/3
S7W4;M-8574/3
S7W6;M-8574/3
S7X0;M-8247/3
S7Z0;M-8246/3
S7Z1;M-8246/3
S7Z2;M-8246/31
S7Z3;M-8246/34
S7Z4;M-8041/3
S7Z6;M-8013/3
T0A0;M-8580/0
T0C0;M-9100/0
T0C2;M-9103/0
T0D0;M-9104/1
T0E0;M-9104/1
T4A0;M-8580/1
T4A1;M-8583/1
T4A2;M-8582/1
T4A4;M-8581/1
T4C0;M-9100/1
T7A0;M-8580/3
T7A2;M-8582/3
T7A3;M-8580/3
T7A4;M-8581/3
T7A6;M-8586/3
T7A8;M-8580/3
T7C0;M-9100/3
T7D0;M-9104/3
T7H0;M-9101/3
T7H1;M-9101/3
T7H2;M-9101/3
T7H3;M-9101/3
T7H4;M-9101/3
T7H5;M-9101/3
T7H6;M-9101/3
T7H9;M-9101/3
TEA0;M-8580/3
TMA0;M-8580/3
U0A0;M-8120/0
U0B0;M-8121/1
U5A0;M-8120/2
U5D0;M-8130/2
U5D1;M-8130/1
U5D2;M-8130/21
U5D3;M-8130/23
U5E0;M-8120/2
U5E1;M-8130/1
U5E2;M-8130/21
U5E3;M-8130/23
U5E9;M-8130/2
U7A0;M-8120/3
U7A1;M-8120/31
U7A2;M-8120/32
U7A3;M-8120/33
U7G0;M-8120/3
U7G1;M-8120/31
U7G2;M-8120/32
U7G3;M-8120/33
U7H0;M-8120/3
U7H1;M-8120/31
U7H2;M-8120/32
U7H3;M-8120/33
U7K0;M-8120/3
U7K1;M-8120/31
U7K2;M-8120/32
U7K3;M-8120/33
U7L0;M-8120/3
U7L1;M-8120/31
U7L2;M-8120/32
U7L3;M-8120/33
U7N0;M-8120/3
U7N3;M-8120/33
U7P0;M-8120/3
U7P1;M-8120/3
U7P2;M-8120/3
U7P3;M-8120/3
V0A0;M-9120/0
V0A2;M-9131/0
V0A3;M-9132/0
V0A4;M-9121/0
V0A5;M-9123/0
V0A6;M-9125/0
V0A7;M-9120/0
V0A8;M-9122/0
V0A9;M-9120/0
V0B1;M-9120/0
V0B2;M-9161/0
V0B3;M-9120/0
V0B4;M-9120/0
V0C0;M-76110
V0C1;M-76100
V0C2;D4-01025
V0C3;DE-21930
V0C4;DE-21930
V0C5;M-32220
V0C6;D4-01041
V0E0;M-9141/0
V0E2;M-9141/0
V0E4;M-9160/0
V0F0;M-9175/0
V0G0;M-9161/1
V0H0;M-9135/1
V0K0;M-9150/0
V0K1;M-9150/0
V0L0;M-8711/0
V0L1;M-8712/0
V0L2;M-8712/0
V0L3;M-8713/0
V0M0;M-8361/0
V0T0;M-9170/0
V0T2;M-9171/0
V0T4;M-9172/0
V0T6;M-9173/0
V0T8;M-76130
V0T9;M-76130
V0V0;M-9174/1
V0V1;M-9170/0
V4H8;M-9130/1
V4K0;M-9150/1
V4N0;M-9133/1
V4N2;M-9130/1
V4N7;M-9136/1
V7A0;M-9120/3
V7A1;M-9133/3
V7A2;M-9680/3
V7A3;M-9120/3
V7K0;M-9150/3
V7L0;M-8710/3
V7N0;M-9133/3
V7R0;M-9140/3
V7R2;M-9140/3
V7S0;M-9133/3
V7T0;M-9170/3
VMW0;M-8010/6
X0A0;M-8000/0
X0A1;M-8000/0
X0A2;M-8000/0
X0B0;M-8010/0
X0H0;M-8800/0
X0H2;M-8003/0
X0H4;M-9580/0
X0H6;M-9373/0
X0J0;M-8936/0
X0N0;M-8930/0
X0N8;M-8590/1
X0P0;M-8940/0
X0P1;M-8951/0
X0R0;M-8000/0
X0R2;M-8004/0
X0R8;M-8005/0
X0T0;M-8000/0
X4A0;M-8000/1
X4A1;M-8000/1
X4A2;M-8000/1
X4B0;M-8010/1
X4J0;M-8936/1
X4R0;M-8000/1
X4R2;M-8004/1
X4T0;M-8000/1
X7A0;M-8000/3
X7A1;M-8000/3
X7A2;M-8000/3
X7B0;M-8010/3
X7C0;M-8021/3
X7D0;M-8244/3
X7E0;M-8020/3
X7E1;M-8005/3
X7E2;M-8032/3
X7E3;M-8031/3
X7E4;M-8030/3
X7E6;M-8012/3
X7E8;M-8041/3
X7E9;M-8082/3
X7F0;M-8041/3
X7F1;M-8042/3
X7F2;M-8044/3
X7F3;M-8045/3
X7F5;M-8045/3
X7H0;M-8800/3
X7H2;M-8003/3
X7H4;M-9580/3
X7J0;M-8936/3
X7K0;M-8800/3
X7K1;M-9044/3
X7K2;M-8804/3
X7K3;M-8801/3
X7K4;M-8802/3
X7K6;M-8802/3
X7K8;M-9581/3
X7K9;M-8801/3
X7L0;M-9260/3
X7L1;M-9260/3
X7L2;M-9260/3
X7L3;M-9260/3
X7L4;M-9260/3
X7N0;M-8935/3
X7N2;M-8931/3
X7N4;M-8930/3
X7N6;M-8931/3
X7N8;M-8935/3
X7P0;M-8940/3
X7P1;M-8951/3
X7P2;M-8933/3
X7P3;M-8934/3
X7P4;M-8980/3
X7P6;M-8950/3
X7P7;M-8950/3
X7P8;M-8860/0
X7P9;M-8806/3
X7R0;M-8000/3
X7R2;M-8004/3
X7R4;M-8000/3
X7R6;M-8002/3
X7R8;M-8963/3
X7T0;M-8000/3
X7V0;M-8000/3
X7W0;M-8000/3
X7X0;M-8000/6
X7X2;M-8000/6
X8A0;M-8000/6
X9A0;M-8000/9
X9T0;M-8000/9
XEA0;M-8000/6
XEB0;M-8010/6
XMA0;M-8000/6
XMA3;M-8000/6
XMA4;M-8000/6
XMA5;M-8000/6
XMA6;M-8000/6
XMA7;M-8000/6
XMA8;M-8000/6
XMA9;M-8000/6
XMB0;M-8010/6
XMB2;M-8490/6
XMB9;M-8010/9
